Date,NoDur,Durbl,Manuf,Enrgy,HiTec,Telcm,Shops,Hlth ,Utils,Other,Mkt-RF
196307,  -0.49,  -0.22,  -1.41,   2.29,  -0.69,  -0.23,  -1.03,   0.56,   0.80,  -1.61,-0.0044
196308,   4.89,   6.55,   6.20,   3.93,   5.14,   4.29,   6.43,   9.56,   4.20,   5.49,0.0502
196309,  -1.69,  -0.24,  -0.76,  -3.64,   0.13,   2.36,   0.97,  -4.06,  -2.50,  -3.16,-0.0146
196310,   2.65,   9.72,   2.58,  -0.32,   8.29,   3.40,   0.52,   3.38,  -0.67,   1.38,0.0248
196311,  -1.13,  -4.84,   0.30,  -1.15,  -0.29,   4.16,  -1.23,  -1.65,  -1.02,   0.23,-0.0083
196312,   2.81,   0.27,   1.91,   4.65,   3.05,  -0.14,   0.34,   1.54,   2.42,   2.80,0.0188
196401,   0.79,   1.19,   2.69,   4.84,   2.91,   3.35,   2.51,   3.68,   1.40,   1.24,0.0228
196402,   1.87,   2.14,   2.76,   1.06,   1.96,  -0.28,   1.62,   1.66,   0.87,   5.45,0.0146
196403,   3.08,   0.93,   3.70,   1.40,   3.38,  -0.94,   2.43,  -1.94,  -0.75,   2.18,0.0145
196404,  -0.48,   1.93,  -1.72,   4.02,  -3.63,   0.81,   2.86,  -1.42,   1.06,   0.26,0.0017
196405,   1.56,   1.12,   1.77,   2.14,   2.74,  -0.40,   3.89,   0.53,   0.84,   2.42,0.0148
196406,   1.61,   0.67,   0.92,   0.65,   0.52,   4.76,   3.82,   0.59,   2.20,   1.36,0.0121
196407,   1.80,   5.28,   1.34,   3.34,  -1.80,  -1.99,   1.23,   4.76,   4.91,   1.34,0.0171
196408,  -0.26,   1.33,  -1.25,  -1.86,  -2.75,  -1.53,   0.34,  -4.22,  -0.01,  -3.13,-0.0141
196409,   1.70,   5.04,   4.77,   3.08,   1.15,  -1.02,   3.48,   2.73,   1.87,   4.05,0.0277
196410,  -0.19,   0.25,   0.30,   3.06,  -0.99,  -0.89,   2.32,   2.88,   0.95,   1.84,0.0060
196411,   0.70,  -1.38,  -0.52,   2.55,  -0.23,  -2.23,   3.27,   2.17,   1.37,  -1.80,0.0002
196412,   0.21,   1.67,  -0.82,  -0.24,  -0.01,   3.10,   0.18,   4.38,   0.50,  -1.78,0.0006
196501,   6.10,   3.76,   5.52,   0.51,   7.46,   0.27,   3.06,   7.66,   3.96,   4.72,0.0359
196502,   1.62,  -0.69,   2.51,  -3.36,   2.20,   0.79,   1.37,   2.42,   0.43,   2.58,0.0040
196503,  -0.77,   1.39,  -1.16,  -3.03,  -0.48,  -1.68,  -0.85,  -0.92,  -0.52,  -0.27,-0.0133
196504,   4.21,   7.04,   4.02,   0.86,   5.14,   2.30,   6.82,   2.98,   0.65,   2.16,0.0305
196505,  -0.77,  -3.53,  -0.52,   0.86,   0.48,   2.79,   0.18,  -1.24,  -0.97,  -1.68,-0.0075
196506,  -5.13,  -6.83,  -6.21,  -1.98,  -5.71,  -4.14,  -6.19,  -5.31,  -3.66,  -6.97,-0.0554
196507,   1.61,   2.30,   2.06,   1.81,   3.60,  -0.38,  -1.41,   3.95,   1.06,   3.40,0.0136
196508,   4.11,   3.21,   3.64,   1.56,   5.88,   1.33,   2.28,   6.29,   0.92,   5.07,0.0276
196509,   0.48,   6.97,   3.90,   4.37,   5.29,   1.09,  -0.68,   2.24,   1.39,   1.80,0.0288
196510,   2.66,   6.34,   4.45,   1.84,   5.22,  -2.29,   0.26,   3.23,   1.05,   4.26,0.0262
196511,   1.12,  -4.03,   1.39,   0.71,   2.73,  -4.32,   1.36,   3.80,  -1.00,   3.88,-0.0005
196512,   1.24,   1.23,   3.25,   0.17,  -1.54,  -0.86,   1.33,   3.83,  -0.31,   3.47,0.0102
196601,   1.92,   0.49,   2.89,   1.04,   1.35,  -1.30,  -4.37,   2.74,  -3.02,   5.25,0.0083
196602,  -0.47,  -1.50,  -0.73,  -3.47,   5.03,   0.48,  -1.87,  -1.55,  -4.17,   2.09,-0.0121
196603,  -2.68,  -3.06,  -1.79,  -2.23,  -0.90,  -4.84,  -2.14,  -1.60,  -0.14,  -2.84,-0.0247
196604,   0.43,   0.11,   2.79,   3.13,   7.65,   1.26,   3.07,  -0.02,   1.19,   3.04,0.0214
196605,  -4.91,  -8.11,  -5.61,  -3.74,  -6.05,  -2.98,  -2.86,  -5.26,  -2.73,  -7.87,-0.0566
196606,  -1.82,  -2.11,  -0.98,  -2.28,  -0.13,   0.49,  -2.37,   0.99,  -1.78,   0.74,-0.0141
196607,  -1.21,  -2.44,  -1.51,   0.40,  -1.76,  -1.17,  -1.97,  -1.72,  -0.18,  -2.05,-0.0164
196608,  -7.11,  -7.47,  -7.92,  -6.36,  -5.98,  -4.60,  -6.41,  -8.07,  -8.59, -11.75,-0.0795
196609,  -1.48,  -1.04,  -3.60,   3.94,  -1.90,  -0.57,  -1.96,  -1.13,   4.36,  -1.86,-0.0110
196610,   4.50,   0.57,   2.50,   8.47,   0.30,   9.19,  -1.43,   4.87,   9.94,   3.12,0.0378
196611,   2.33,  -3.51,   2.69,  -1.14,  10.88,  -2.84,   0.73,   6.89,  -1.36,   7.95,0.0135
196612,   0.22,  -2.61,   1.37,  -0.66,   0.41,   2.98,  -4.09,  -0.17,   2.10,   2.09,0.0022
196701,   9.42,  12.19,  11.19,   3.59,  10.20,   6.23,  11.81,   6.41,   2.84,  11.97,0.0812
196702,   2.00,  -1.01,   1.19,  -0.07,   6.17,   2.15,   3.20,   1.42,  -1.72,  -0.24,0.0074
196703,   4.45,   4.27,   5.76,   3.61,   5.44,   2.94,   2.39,   7.83,   1.53,   4.18,0.0395
196704,   4.59,  10.83,   3.71,   1.67,   7.73,   0.19,   9.18,   4.46,   1.88,   2.22,0.0384
196705,  -2.63,  -7.28,  -3.64,  -2.42,  -4.44,  -5.67,  -4.66,  -5.29,  -4.11,  -1.89,-0.0426
196706,   2.65,   1.52,   2.09,   2.28,   6.32,   2.72,   3.83,   5.38,  -1.31,   3.78,0.0242
196707,   6.03,  10.71,   5.08,   6.92,   3.92,  -6.62,   5.99,   3.79,   2.33,   7.85,0.0460
196708,  -0.84,   0.08,  -0.48,  -1.46,  -1.01,  -1.25,   0.49,   0.66,  -0.65,  -0.31,-0.0093
196709,   3.13,   4.98,   3.08,   4.21,   8.36,   1.20,   2.27,   2.89,  -0.09,   1.35,0.0311
196710,  -2.66,  -4.88,  -4.44,  -0.99,   4.80,  -3.49,   0.67,  -5.01,  -5.36,  -5.23,-0.0313
196711,   0.56,  -0.69,   0.67,   0.78,   1.37,   0.09,   0.81,   1.33,   3.17,  -0.40,0.0043
196712,   3.20,   0.88,   5.21,   3.09,   2.19,   0.13,   3.44,   1.62,   3.28,   5.49,0.0304
196801,  -0.58,  -5.16,  -6.47,  -0.89,  -8.69,   2.69,   1.12,  -6.57,   0.20,  -1.84,-0.0403
196802,  -2.67,  -2.31,  -4.28,  -2.65,  -4.55,  -2.40,  -0.78,  -4.24,  -1.48,  -3.56,-0.0375
196803,   0.74,   0.52,   0.79,   0.76,   4.16,  -1.12,   2.89,   0.10,  -3.93,  -0.09,0.0013
196804,  11.09,  12.01,  10.64,   5.68,  12.38,   2.22,  12.34,  11.90,   2.49,  12.10,0.0898
196805,   5.02,  -0.37,   3.17,   1.26,   3.81,  -0.74,   3.50,   3.34,   0.45,   6.25,0.0225
196806,   1.19,  -1.65,  -0.28,   1.81,  -2.00,   4.15,   0.41,   2.25,   8.44,   2.99,0.0072
196807,  -3.90,  -2.85,  -4.29,   5.28,  -5.60,  -0.19,  -5.07,  -4.10,   0.17,  -2.76,-0.0268
196808,   2.81,   1.16,   3.28,   1.28,   0.53,   1.26,   2.25,   0.68,  -0.87,   2.82,0.0138
196809,   4.86,   6.87,   4.51,   3.53,   2.95,   2.95,   7.88,   0.85,   0.27,   9.17,0.0402
196810,   0.87,   4.70,   0.94,   2.55,  -4.99,   3.17,   0.74,  -0.05,   0.49,   1.10,0.0046
196811,   4.66,  -0.42,   5.81,   5.56,   8.62,   5.39,   5.09,   8.10,   8.79,   7.63,0.0543
196812,  -1.04,  -4.42,  -3.52,  -2.56,  -5.37,  -6.64,  -4.10,  -1.03,  -2.88,  -3.75,-0.0382
196901,  -1.20,  -1.87,  -0.35,  -1.12,  -4.68,   1.20,  -1.04,  -0.23,   2.41,   0.88,-0.0120
196902,  -6.59,  -3.37,  -5.84,  -4.60,  -3.58,  -3.32,  -4.09,  -5.14,  -5.20,  -8.35,-0.0582
196903,   0.76,   5.00,   2.53,   7.09,   5.46,  -0.42,   5.14,   3.34,  -1.29,   0.75,0.0259
196904,   1.03,   1.30,   1.31,  -0.35,   3.91,   7.73,   3.71,   4.98,   1.34,   1.81,0.0152
196905,   1.19,  -0.02,  -0.87,   3.69,  -1.70,   1.06,   0.57,   1.66,   0.02,  -1.11,0.0002
196906,  -7.33,  -5.97,  -6.80,  -9.92,  -0.13,  -3.98,  -5.40,  -5.03,  -5.74, -10.67,-0.0725
196907,  -6.93,  -7.00,  -5.58,  -9.63,  -5.42,  -4.49,  -8.53,  -2.73,  -2.98,  -9.13,-0.0705
196908,   5.00,   3.01,   4.12,   6.58,   7.03,   1.66,   8.17,   9.20,  -1.29,   9.02,0.0465
196909,   0.26,  -0.39,  -2.10,  -9.63,   0.21,  -4.00,  -0.62,   2.17,  -4.14,  -0.74,-0.0288
196910,   8.35,   3.87,   6.60,  -1.06,   5.80,   3.50,   6.70,   8.97,   8.28,   7.93,0.0496
196911,  -2.40,  -4.43,  -3.57,  -4.51,  -1.79,   1.18,  -4.25,   0.34,  -5.26,  -5.54,-0.0374
196912,  -1.96,  -3.43,  -1.28,  -3.01,  -0.75,  -5.51,  -3.03,   4.30,  -0.65,  -3.75,-0.0261
197001,  -4.30,  -8.24,  -7.21, -11.44,  -9.07,  -2.56,  -5.91,  -7.11,  -4.23,  -8.81,-0.0793
197002,   4.72,   5.86,   4.81,   5.38,   2.95,   7.95,   5.29,   5.57,   8.36,   9.40,0.0505
197003,  -0.86,   4.98,  -0.50,  -0.43,  -2.58,   2.29,  -1.70,  -5.10,   2.91,  -1.91,-0.0104
197004, -10.20,  -8.77,  -9.04,  -9.15, -14.34,  -8.79, -11.25, -10.12,  -8.06, -13.70,-0.1103
197005,  -7.51,  -6.23,  -7.75,   2.63,  -9.54,  -3.74,  -9.63,  -7.74,  -5.36,  -8.31,-0.0696
197006,  -1.57,  -3.80,  -4.72,  -2.46, -11.76,  -8.48,  -4.01,  -0.48,  -4.70,  -6.82,-0.0569
197007,   6.69,  10.32,   4.95,  12.77,   2.41,  10.27,  10.59,   2.14,   8.71,   8.02,0.0690
197008,   1.50,   8.29,   4.54,   6.53,   7.99,   2.50,   5.22,   1.80,   4.67,   5.03,0.0447
197009,   5.63,   2.81,   4.04,   3.27,  10.17,  -0.93,   7.96,   8.01,  -0.54,   7.61,0.0421
197010,   0.65,  -2.06,  -3.14,   2.97,  -3.54,  -3.75,  -1.63,   0.31,  -0.80,  -5.89,-0.0228
197011,   4.80,   6.84,   3.93,   4.89,   4.08,   6.11,   6.84,   2.97,   9.39,   3.74,0.0458
197012,   7.45,   6.27,   8.03,   2.28,   4.43,   6.85,   5.35,   5.34,   7.13,   8.37,0.0565
197101,   4.92,   3.76,   6.02,   0.39,   5.44,   9.75,   8.26,   4.92,   2.95,   7.79,0.0482
197102,   3.79,   2.24,   1.22,   4.73,   2.78,  -5.30,   3.68,   1.31,  -2.58,   2.22,0.0136
197103,   4.47,   3.48,   4.23,   2.71,   8.08,   0.73,   6.75,   3.68,   2.39,   5.94,0.0418
197104,   2.21,   8.56,   4.44,   4.34,   2.37,   0.82,   4.99,   4.23,  -3.54,   4.34,0.0305
197105,  -3.05,  -4.35,  -2.21,  -4.68,  -6.11,  -5.21,  -1.90,  -2.13,  -3.69,  -4.53,-0.0393
197106,  -0.12,  -0.52,   0.44,   1.04,  -2.17,   1.05,   0.44,   2.05,   4.29,  -1.32,-0.0006
197107,  -2.13,  -5.28,  -5.03,  -2.15,  -8.60,  -3.69,  -3.56,  -2.17,  -2.15,  -3.86,-0.0443
197108,   3.13,  10.53,   6.49,  -1.16,   5.70,  -0.24,   6.21,   3.15,  -2.33,   6.98,0.0378
197109,  -0.05,  -0.05,  -0.24,  -1.67,  -1.56,   0.27,   0.68,   0.66,  -1.49,  -0.42,-0.0087
197110,  -4.33,  -5.06,  -6.03,  -4.30,  -4.37,  -1.83,  -3.39,  -2.47,   2.04,  -4.21,-0.0444
197111,  -0.38,   0.17,  -0.93,   0.02,   1.77,   0.43,   0.25,   0.69,  -1.22,  -0.27,-0.0050
197112,  10.52,   6.21,  10.04,   8.83,  11.28,   7.55,  10.29,   7.79,   8.12,   8.22,0.0876
197201,   2.51,   3.38,   3.36,   0.16,   8.42,   1.01,   0.26,   2.63,  -0.32,   3.36,0.0255
197202,   4.64,   0.57,   4.86,   2.61,   1.88,   0.24,   5.59,   7.12,  -2.50,   2.25,0.0288
197203,   0.09,   4.29,   2.52,  -5.45,   1.09,  -0.33,   2.03,   0.46,  -0.14,   2.29,0.0060
197204,   1.90,  -0.59,   1.87,  -0.66,   0.74,  -1.06,  -0.60,   1.10,  -2.80,   1.79,0.0026
197205,   0.40,  -1.20,   2.10,   3.62,   3.71,   1.24,   1.47,   3.71,  -0.17,  -0.63,0.0134
197206,  -1.11,  -2.92,  -2.21,  -0.98,  -2.55,  -2.64,  -3.95,   2.54,  -1.56,  -4.51,-0.0238
197207,  -1.61,  -2.00,   0.45,  -1.09,   0.95,   0.74,  -2.47,   3.10,   0.05,  -2.96,-0.0074
197208,  -0.10,   3.75,   2.21,  12.41,   2.86,   5.18,  -0.40,   1.05,   5.95,   3.55,0.0331
197209,  -2.60,  -0.92,  -1.18,  -0.21,  -1.16,   4.27,  -0.56,  -0.43,   0.18,  -1.74,-0.0111
197210,   0.02,  -2.35,   1.07,   3.12,  -3.30,   2.27,   0.90,   1.50,   6.77,   1.12,0.0047
197211,   6.87,   8.10,   4.23,   6.19,   2.50,   7.04,   5.96,  -0.53,   6.39,   5.12,0.0461
197212,   0.53,   1.74,   0.82,   1.05,   1.99,   1.45,   1.84,   3.73,  -1.54,  -0.76,0.0075
197301,  -4.71,  -6.69,  -3.64,   5.02,   1.92,  -2.12,  -4.28,  -1.18,  -4.28,  -7.47,-0.0321
197302,  -4.36,  -6.03,  -2.17,  -7.36,  -3.03,  -4.64,  -6.44,  -0.71,  -1.98,  -6.09,-0.0486
197303,  -1.04,  -2.85,  -0.42,   3.12,  -1.23,   0.53,  -5.71,   0.78,  -2.16,  -0.29,-0.0125
197304,  -6.29,  -5.10,  -4.56,  -1.03,  -6.70,   0.86,  -8.38,  -5.48,  -0.58,  -7.79,-0.0569
197305,  -2.12,  -4.30,  -1.24,  -3.45,  -2.59,  -0.84,  -2.17,   1.07,   0.36,  -5.03,-0.0296
197306,  -3.48,  -2.61,  -0.44,   1.61,  -0.09,  -0.32,  -5.74,   0.02,  -2.47,  -0.28,-0.0138
197307,   7.53,   7.20,   6.57,   0.34,   4.98,  -0.31,  11.02,   6.87,  -2.39,   9.56,0.0507
197308,  -3.32,  -3.91,  -1.62,  -3.74,  -3.68,  -3.93,  -4.23,  -6.91,  -2.09,  -2.24,-0.0367
197309,   5.87,   7.85,   4.58,   9.27,  -2.80,   7.67,   7.44,   0.79,   7.90,   7.20,0.0472
197310,  -2.34,  -4.50,   0.27,   5.22,   3.85,  -5.54,  -3.51,   1.83,  -3.38,  -1.05,-0.0068
197311, -14.31, -16.19, -14.49,  -6.17, -11.46,  -1.94, -18.72,  -7.77, -11.61, -13.45,-0.1265
197312,  -1.62,  -3.77,   1.01,   8.60,  -4.32,   4.54,  -0.40,  -4.48,   3.41,   2.47,0.0050
197401,   2.38,   6.28,   0.41,  -7.52,   1.25,   2.01,   6.81,  -2.52,   4.55,   1.11,-0.0019
197402,   0.00,  -0.99,  -0.11,  -1.48,  -0.60,   4.76,   0.93,  -1.23,   0.27,   1.03,-0.0035
197403,  -1.85,   0.03,  -0.89,  -3.33,  -2.76,  -4.59,  -3.32,   1.21,  -3.63,  -3.64,-0.0290
197404,  -3.77,  -3.94,  -2.39,  -6.30,  -3.68,  -5.31,  -1.97,  -1.48, -12.19,  -6.39,-0.0535
197405,  -2.82,   0.52,  -2.09,  -7.48,  -4.26,  -1.52,   1.16,  -0.12,  -4.89,  -8.41,-0.0495
197406,  -0.56,  -2.71,  -0.30,  -0.27,  -2.95,   0.30,  -2.72,  -1.62,  -6.17,  -5.50,-0.0289
197407, -10.21, -11.74,  -7.29,  -0.65,  -8.45,  -7.63, -12.89, -14.06,   0.79,  -6.64,-0.0779
197408, -10.27,  -6.70, -10.21,  -8.54,  -4.90,  -0.04, -13.04,  -8.11,  -8.62, -10.62,-0.0937
197409, -12.15, -12.76, -12.54,  -7.87, -16.88,  -3.81, -12.02, -15.55,  -1.34,  -9.58,-0.1178
197410,  15.64,   4.10,  16.26,  20.97,  14.83,  10.85,  10.23,  29.52,  13.00,  20.22,0.1605
197411,  -3.84,  -4.67,  -6.16,  -4.18,  -4.92,  -3.09,  -5.73,  -1.20,  -0.15,  -2.76,-0.0464
197412,  -0.60,  -3.86,  -4.46,   0.79,  -5.30,   1.57,  -3.41,  -3.37,  -0.83,  -4.35,-0.0340
197501,  18.88,  21.31,  14.47,   6.51,  15.29,  11.10,  25.86,  -0.61,  18.84,  17.81,0.1356
197502,   4.10,   4.58,   8.12,   2.28,  13.21,   5.16,   5.00,  16.04,   0.92,   2.84,0.0543
197503,   7.07,   6.69,   5.07,  -2.20,   1.00,  -0.85,  10.48,   1.28,  -1.34,   4.11,0.0261
197504,   3.11,   4.00,   9.45,   7.26,   5.54,  -0.95,   2.59,   0.72,  -1.58,   3.30,0.0420
197505,   5.21,   2.62,   2.60,  12.35,   5.86,   3.52,   4.23,   6.48,   8.45,   5.69,0.0508
197506,   5.35,  10.20,   3.64,   6.24,   2.27,   4.07,   7.52,   0.91,  10.77,   5.95,0.0475
197507,  -5.39,  -2.06,  -5.85,  -4.18,  -9.40,  -4.22,  -7.45, -12.03,  -4.78,  -6.12,-0.0652
197508,  -3.12,  -3.43,  -0.88,  -0.94,  -2.97,  -3.59,  -0.25,  -3.34,  -1.30,  -5.12,-0.0284
197509,  -2.51,  -2.56,  -5.65,  -1.15,  -0.84,  -1.25,  -3.50,  -6.54,  -0.97,  -6.30,-0.0433
197510,  10.55,   8.87,   5.65,  -1.39,   8.38,   6.82,   9.80,  10.68,   6.51,   3.91,0.0504
197511,   4.09,   3.40,   3.18,  -1.63,   5.02,   4.26,   4.42,   5.12,   3.12,   3.56,0.0271
197512,  -1.51,  -0.39,  -1.40,   0.06,  -1.25,  -0.10,  -3.03,  -6.36,   1.33,  -0.29,-0.0158
197601,  11.00,  15.59,  16.80,   8.36,  18.31,   9.50,   9.06,   7.78,   8.37,  12.93,0.1213
197602,  -1.07,   3.89,   1.89,  -3.15,   1.20,   3.56,   4.54,  -6.52,  -3.53,   3.12,0.0038
197603,   0.72,   3.63,   0.77,   7.27,   2.97,   0.59,   3.46,   6.52,   1.42,   1.94,0.0228
197604,  -1.71,   1.89,  -1.40,   2.12,  -3.40,   1.72,  -4.65,  -4.31,   0.65,  -1.56,-0.0147
197605,  -2.18,  -3.18,  -1.24,   5.49,   0.53,  -2.95,  -5.65,  -2.81,  -1.38,  -1.67,-0.0131
197606,   3.65,   4.26,   3.96,   5.07,   8.21,   3.58,   1.38,   3.66,   4.27,   5.40,0.0401
197607,   1.52,  -1.07,  -1.87,  -0.66,  -2.21,   1.24,  -2.22,  -0.38,   2.82,  -0.05,-0.0108
197608,  -0.29,  -1.43,  -1.57,  -0.88,  -0.84,   4.73,   2.98,   2.17,   2.93,  -1.14,-0.0056
197609,   1.53,   4.52,   0.91,   5.98,   2.89,   1.61,   0.37,   3.62,   4.10,   0.94,0.0201
197610,  -1.60,  -1.18,  -3.55,  -2.41,  -4.50,   1.27,  -0.91,  -3.75,  -0.84,  -0.46,-0.0245
197611,   1.75,  -0.75,  -0.53,   0.86,   1.66,   3.15,   4.90,  -9.69,   3.16,   2.04,0.0016
197612,   5.24,   9.70,   6.08,   6.27,   3.84,   3.46,   2.32,   6.26,   6.53,   8.39,0.0576
197701,  -4.08,  -4.14,  -5.84,   0.25,  -3.88,   0.10,  -6.99,  -8.82,   0.80,  -4.15,-0.0399
197702,  -1.40,  -3.49,  -0.72,  -2.95,  -0.65,   0.97,  -1.87,  -0.21,  -3.40,  -1.75,-0.0193
197703,  -1.39,  -3.37,  -0.15,  -2.08,  -0.04,  -1.03,  -2.71,  -1.79,   0.15,  -0.11,-0.0130
197704,   0.52,   3.19,   0.57,   2.57,  -3.45,   0.67,  -3.43,  -5.20,   1.95,   2.16,0.0012
197705,  -0.95,  -0.50,  -2.70,  -0.40,  -1.47,   1.43,  -2.76,  -1.88,   1.67,  -0.84,-0.0145
197706,   4.53,   4.32,   3.37,   6.06,   7.78,   1.96,   6.02,   9.04,   5.72,   5.34,0.0474
197707,   1.21,  -2.43,  -3.51,  -1.84,  -0.16,  -0.86,  -0.19,  -2.24,   0.87,  -0.36,-0.0170
197708,   0.10,  -0.87,  -1.13,  -5.72,   0.49,  -2.26,   4.64,   3.79,  -3.25,  -1.24,-0.0178
197709,   0.26,   1.60,  -0.97,   0.78,  -1.79,   3.47,  -0.64,  -0.84,   2.01,  -0.08,-0.0027
197710,  -3.34,  -4.46,  -4.38,  -3.58,  -3.19,  -5.06,  -3.08,  -1.68,  -3.14,  -4.43,-0.0442
197711,   4.61,   1.95,   4.18,   3.45,   5.22,   2.21,   5.45,   6.02,   4.30,   6.46,0.0404
197712,  -0.01,  -0.65,   0.85,   1.85,   2.40,   2.16,  -1.33,   0.59,  -0.32,   0.64,0.0033
197801,  -5.30,  -6.86,  -5.94,  -6.90,  -4.73,  -4.16,  -6.85,  -1.86,  -4.57,  -5.32,-0.0601
197802,   0.13,   0.41,  -2.45,  -1.10,  -3.48,   4.12,  -0.43,  -3.00,  -0.40,  -0.16,-0.0139
197803,   4.15,   6.11,   3.83,   2.03,  -0.69,   2.63,   2.77,   4.16,   2.48,   5.43,0.0287
197804,   6.90,   9.68,  11.41,   6.76,  13.31,   2.96,  10.89,   9.20,   0.23,   9.32,0.0775
197805,   4.25,   0.13,   4.28,   0.81,   1.62,  -0.39,   1.26,   5.25,   0.71,   2.55,0.0181
197806,  -0.26,  -2.86,  -1.52,  -3.73,  -0.36,  -1.53,  -1.95,   1.10,   0.82,  -0.27,-0.0162
197807,   3.56,   4.63,   7.66,   3.44,   8.58,   1.43,   5.07,   8.87,   2.82,   6.57,0.0511
197808,   4.13,   2.88,   3.89,   5.13,   6.02,   3.57,   5.56,   1.00,   0.47,   6.34,0.0369
197809,  -0.39,  -0.45,  -2.08,   4.76,  -4.16,   1.21,  -2.59,  -2.75,  -0.26,  -1.25,-0.0131
197810, -11.57, -11.18, -11.40, -10.61, -10.82,  -4.53, -14.05, -12.84,  -7.08, -14.07,-0.1178
197811,   2.21,   0.78,   3.04,   6.21,   5.08,   3.01,   2.58,   5.18,   3.01,   2.51,0.0268
197812,   1.73,  -0.56,   1.51,   2.95,   6.44,   0.10,  -0.61,   3.42,  -1.23,   1.32,0.0099
197901,   4.19,   4.99,   6.26,   3.19,   4.31,   3.64,   5.64,   1.42,   6.35,   6.10,0.0418
197902,  -3.51,  -3.54,  -4.47,   0.64,  -3.31,  -0.63,  -4.33,  -4.52,  -1.62,  -3.26,-0.0341
197903,   4.07,   6.60,   7.28,   9.30,   7.61,   0.16,   5.96,   5.05,   2.35,   8.17,0.0575
197904,   0.22,   2.99,  -0.35,   4.31,   0.33,  -2.13,   0.69,   0.42,  -2.72,   1.53,0.0005
197905,  -1.77,  -0.79,  -2.29,  -2.31,  -1.98,   0.09,  -2.55,  -2.64,   1.39,  -0.09,-0.0218
197906,   3.28,   2.99,   3.48,   9.20,   0.49,   1.95,   2.95,   4.83,   4.99,   7.00,0.0388
197907,   2.07,   2.05,   2.08,   1.70,  -1.52,  -0.11,   1.15,   0.14,   2.12,   3.30,0.0073
197908,   7.55,   4.71,   7.51,   7.96,   5.94,   1.57,   8.81,   8.54,   2.05,   5.84,0.0570
197909,  -1.91,   0.43,  -0.74,   5.84,  -1.76,  -2.39,  -0.78,  -0.54,  -2.14,  -0.68,-0.0069
197910,  -7.68,  -9.43,  -8.85,  -2.39,  -7.73,  -5.03,  -8.80,  -4.34,  -5.80, -10.15,-0.0813
197911,   5.16,  -2.35,   4.94,   8.91,   8.17,   4.06,   3.95,   8.75,   7.79,   7.01,0.0537
197912,   3.37,   3.38,   4.37,   2.68,   1.79,  -1.53,   2.98,   2.08,  -0.92,   4.14,0.0187
198001,   3.12,   9.05,   7.02,  14.16,   7.37,  -2.05,   0.92,  -1.29,   1.60,   5.51,0.0576
198002,  -4.79,  -6.31,  -2.65,  12.59,  -3.56,  -1.48,  -4.82,  -4.63,  -3.36,  -3.33,-0.0079
198003,  -8.16,  -8.74, -11.68, -17.79, -12.67,  -2.64,  -8.52,  -2.84,  -6.67, -12.24,-0.1323
198004,   6.52,  -1.91,   3.25,   6.85,   0.72,   7.30,   3.43,   4.28,  11.96,   6.05,0.0397
198005,   7.89,   4.31,   6.18,   4.05,   4.82,   5.02,  10.70,   6.96,   4.61,   8.11,0.0520
198006,   2.99,   2.78,   2.41,   5.81,   3.03,  -0.59,   2.39,   0.21,   4.54,   5.16,0.0316
198007,   7.76,  11.75,  10.76,   1.67,  15.48,   1.02,  10.65,   8.89,  -0.12,   6.64,0.0641
198008,   1.45,   1.46,   1.73,   3.79,   3.68,   6.31,   1.99,   0.30,  -1.08,   2.67,0.0171
198009,   0.20,   0.97,   3.03,   6.80,   2.01,  -1.59,   1.12,   3.60,   0.17,   3.65,0.0220
198010,   0.28,  -1.73,   0.37,   8.00,   1.94,  -3.24,  -1.57,  -1.29,   2.01,   1.56,0.0105
198011,   0.92,   4.77,   8.56,  24.56,   9.80,   0.01,   2.96,   8.81,   7.51,   7.38,0.0953
198012,   1.04,  -1.16,  -2.12, -10.88,  -1.17,   0.82,  -1.45,   4.61,  -2.02,  -0.72,-0.0475
198101,   2.00,  -2.20,  -2.04, -10.36,  -8.08,   5.53,   0.43,  -1.57,  -2.72,  -2.56,-0.0505
198102,   2.49,   6.40,   4.40,  -0.47,   0.49,   2.15,   2.82,   1.85,  -1.32,   1.70,0.0048
198103,   6.93,   7.07,   5.88,  -2.49,   5.01,   1.16,  12.70,   5.87,   2.96,   8.45,0.0341
198104,   1.16,   1.81,  -0.84,  -7.45,   0.15,   6.21,   2.98,   3.00,  -2.58,   0.93,-0.0220
198105,   2.64,   2.89,  -0.32,  -4.01,   4.23,   7.14,   2.73,   3.47,   1.95,   2.51,0.0020
198106,  -0.20,  -4.21,  -1.38,   4.75,  -6.66,  -1.91,  -1.59,  -5.58,   3.45,  -0.97,-0.0237
198107,  -0.65,  -2.97,  -2.73,   7.86,  -3.78,   0.37,  -3.20,  -3.89,   2.80,  -2.69,-0.0155
198108,  -5.11,  -7.84,  -6.87,  -6.40,  -7.27,  -0.80,  -5.28,  -7.75,  -0.84,  -5.49,-0.0691
198109,  -2.18,  -2.97,  -7.03, -12.30,  -3.89,   2.81,  -3.75,  -1.33,  -5.56,  -5.46,-0.0761
198110,   7.51,  -4.14,   3.76,  10.00,   5.15,   6.03,   6.87,   7.95,   4.87,   7.15,0.0481
198111,   2.69,   4.82,   4.30,   6.86,   1.54,   2.64,   1.00,   3.93,   5.91,   5.08,0.0351
198112,  -1.79,   0.41,  -1.50,  -6.54,  -0.02,  -1.43,  -2.17,  -0.75,  -2.33,  -3.74,-0.0368
198201,  -0.90,   1.21,  -3.19,  -8.58,   2.78,   0.67,   0.19,   1.45,  -0.69,  -3.25,-0.0342
198202,  -1.97,  -1.94,  -5.76, -10.94,  -5.22,  -5.70,  -1.45,  -1.80,  -0.43,  -3.92,-0.0603
198203,   2.47,   3.64,  -1.72,  -3.61,  -3.57,   2.05,   4.25,  -2.58,   1.63,  -1.30,-0.0199
198204,   6.64,   4.48,   3.13,   4.40,   7.44,  -0.17,   5.45,   7.34,   3.83,   3.71,0.0320
198205,  -3.21,  -1.82,  -4.60,   2.47,  -5.42,  -1.05,  -2.68,  -3.05,  -0.50,  -5.47,-0.0388
198206,   1.70,   2.70,  -2.60,  -6.47,  -2.33,  -2.55,   2.95,  -0.73,  -2.24,  -2.43,-0.0335
198207,  -0.46,  -0.40,  -2.30,  -7.95,   1.56,   1.18,   0.16,   0.81,  -2.61,  -3.02,-0.0310
198208,   9.21,  13.76,  13.80,   9.83,  12.78,  10.84,  12.48,  12.38,  11.92,  11.33,0.1114
198209,   5.32,  -0.72,  -1.02,   1.95,   1.20,   1.03,   4.64,   1.34,   1.09,   4.16,0.0117
198210,  10.58,  16.56,  12.95,   5.61,  16.96,   8.18,  16.94,   8.34,   4.90,  15.70,0.1127
198211,   5.16,   8.22,   5.73,  -4.39,  10.67,   6.01,  11.01,   5.24,   0.11,   7.61,0.0456
198212,   0.85,   3.14,   0.80,   5.47,   2.70,  -1.23,  -2.15,   0.54,   4.28,  -1.31,0.0078
198301,  -1.02,   5.12,   5.03,   3.70,   8.39,  12.35,   1.44,   1.48,   3.65,   2.85,0.0346
198302,   3.76,   3.56,   4.09,  -0.39,   3.59,  -0.30,   8.06,   2.78,   1.45,   4.61,0.0243
198303,   7.39,  -1.07,   2.15,   5.99,   0.67,   0.71,   8.56,   4.61,   0.30,   4.96,0.0284
198304,   6.30,  11.03,   6.34,   9.46,   7.49,   5.13,   8.68,   5.10,   4.78,   8.23,0.0672
198305,  -0.88,  -2.14,   2.17,   1.30,   2.74,  -1.28,   0.40,  -2.70,   2.62,   2.47,0.0062
198306,   2.97,  10.40,   1.63,   6.48,   6.13,   0.23,   6.12,   6.87,  -0.41,   1.60,0.0313
198307,  -2.60,  -3.62,  -2.46,  -2.31,  -5.39,  -5.17,  -3.31,  -5.60,   1.05,  -3.67,-0.0391
198308,   0.64,  -2.48,   0.74,   7.19,  -1.10,   2.19,  -4.83,  -1.08,   1.50,  -0.59,-0.0040
198309,   4.59,   4.44,   2.38,  -4.85,   2.12,   2.26,   2.30,   1.29,   4.66,   1.63,0.0087
198310,  -0.24,   0.36,  -2.29,  -2.11,  -6.90,  -5.22,  -1.60,  -2.15,   3.07,  -4.03,-0.0353
198311,   2.27,   4.12,   6.32,  -0.56,   2.27,   3.17,   4.42,  -3.03,  -1.56,   4.68,0.0223
198312,  -0.46,   0.97,  -1.04,   1.90,   0.38,  -1.52,  -4.78,  -3.58,  -3.64,  -0.86,-0.0177
198401,  -0.76,  -5.39,  -3.51,   9.98,  -6.16,   4.06,  -5.90,  -0.61,   1.49,  -1.67,-0.0205
198402,  -5.73,  -6.08,  -6.62,   3.88,  -5.95,  -3.70,  -4.47,  -1.99,  -3.36,  -4.88,-0.0463
198403,   1.56,   0.37,   3.22,   0.16,   1.85,  -4.21,   1.26,  -0.69,  -0.24,   2.45,0.0062
198404,   0.48,   1.30,   0.01,   4.07,  -0.44,   2.18,   0.24,   2.29,  -0.39,  -2.08,-0.0054
198405,  -2.40,  -5.56,  -5.68,  -5.07,  -5.51,  -3.49,  -5.14,  -6.48,  -0.83,  -6.86,-0.0602
198406,   6.31,   1.99,   3.22,  -2.21,   1.79,  12.26,   7.40,   3.83,   0.48,   2.24,0.0161
198407,  -1.72,   2.59,  -1.51,  -7.16,  -2.33,   2.87,   0.12,  -3.84,  -0.03,  -1.80,-0.0286
198408,   8.77,  10.00,  11.97,  13.74,  13.87,   7.15,   9.89,  10.26,   7.75,  11.17,0.1043
198409,   1.26,  -0.14,  -2.50,   2.11,  -3.90,   4.04,   0.02,  -4.41,   4.81,   2.26,-0.0082
198410,   1.43,   2.16,   0.54,  -4.50,  -0.51,  -3.52,  -0.72,   1.60,   3.32,   0.73,-0.0099
198411,   0.31,  -2.99,  -1.40,  -1.00,  -3.84,   0.46,  -2.81,  -0.03,   3.03,  -0.31,-0.0179
198412,   2.45,   4.59,   2.18,  -0.56,   2.43,   5.33,   0.70,   2.79,   2.64,   3.71,0.0174
198501,   5.02,   9.81,   8.44,   6.51,  12.56,   5.25,  13.24,   8.28,   2.39,   9.79,0.0792
198502,   5.04,  -1.59,   1.40,   3.81,  -1.30,   3.37,   2.05,   3.59,   1.39,   2.16,0.0112
198503,   4.69,  -5.24,  -2.71,   1.56,  -6.02,   4.45,  -0.56,   3.01,   6.11,  -0.15,-0.0081
198504,  -2.12,  -3.45,  -1.51,   3.86,  -3.62,  -0.71,   0.11,  -1.73,   1.62,   1.46,-0.0094
198505,   7.90,   5.94,   6.12,   0.65,   2.87,   8.35,   9.61,   9.59,   5.51,   6.35,0.0493
198506,   2.72,   1.51,   1.55,  -0.79,  -0.60,   4.50,   1.56,   2.29,   3.63,   2.95,0.0117
198507,  -2.58,   2.40,   3.47,  -0.34,   4.46,  -4.54,  -4.03,  -0.40,  -4.70,  -0.15,-0.0067
198508,   0.76,  -2.62,  -1.14,   1.40,  -2.52,   0.52,  -0.62,  -0.80,   1.92,  -0.46,-0.0103
198509,  -0.65,  -3.26,  -3.93,  -1.31,  -4.75,  -4.20,  -4.29,  -3.89,  -5.31,  -4.92,-0.0457
198510,   3.58,   0.87,   3.30,   6.16,   3.05,   4.07,   6.80,   3.19,   6.30,   6.37,0.0381
198511,   8.48,   9.98,   7.85,   0.48,   8.66,   7.37,   7.89,   9.78,   4.24,   7.41,0.0632
198512,   5.42,   7.18,   4.57,  -3.15,   8.27,   6.20,   4.57,   3.48,   4.85,   4.50,0.0366
198601,   1.84,   2.19,   1.54,  -6.77,  -0.26,  -3.94,   1.49,   1.14,   3.78,   3.54,0.0043
198602,  10.81,  10.92,  10.18,   0.76,   4.99,   7.38,   7.69,   6.08,   6.55,   8.33,0.0675
198603,   8.03,   7.91,   6.02,   0.01,  -0.07,   3.79,   8.64,  12.05,   3.95,   5.76,0.0479
198604,   0.43,  -3.55,  -1.73,   0.71,   3.92,   2.43,   0.17,   0.72,  -3.89,  -2.65,-0.0132
198605,   8.85,   3.18,   4.45,   7.31,   0.99,   4.80,   9.90,   7.24,   3.62,   4.67,0.0459
198606,   6.24,  -1.26,   0.02,  -2.34,  -3.97,   5.43,   3.86,   5.67,   5.08,   1.53,0.0091
198607,  -5.70,  -9.04,  -7.28,  -5.34,  -8.34,  -3.02,  -9.52,  -5.36,   5.14,  -6.40,-0.0649
198608,   2.62,   7.52,   6.17,  16.62,   6.97,   6.87,   1.73,   4.01,   7.90,   6.92,0.0618
198609, -10.82,  -8.18,  -6.79,  -0.95,  -7.06,  -9.29,  -8.41, -12.57,  -9.09,  -8.82,-0.0836
198610,   8.86,   6.49,   6.47,   2.03,   0.63,   4.66,   7.45,   7.93,   5.24,   4.26,0.0448
198611,   0.74,   4.83,   2.83,   3.08,   3.52,   3.94,   1.83,   1.35,   0.55,  -0.62,0.0113
198612,  -3.19,  -2.19,  -1.91,  -0.49,  -3.68,  -3.73,  -6.27,  -1.25,  -3.31,  -2.53,-0.0314
198701,  14.51,  18.81,  14.33,  13.91,  16.45,   5.31,  11.53,  13.16,   9.30,  11.16,0.1242
198702,   5.62,   3.47,   4.79,  -1.63,   9.41,   0.04,   9.87,  11.28,  -2.15,   4.68,0.0433
198703,   1.07,   4.63,   3.24,  12.28,   2.68,   1.43,   1.75,   0.15,  -1.66,  -0.31,0.0185
198704,  -3.66,   4.08,  -1.38,   0.11,   4.37,  -2.42,  -2.85,  -2.46,  -4.33,  -4.08,-0.0215
198705,   2.57,  -1.41,   0.50,   3.04,   0.30,   3.33,  -0.11,   1.23,  -1.85,  -0.02,0.0014
198706,   6.82,   2.98,   5.09,   5.72,   0.01,   7.04,   6.51,   4.76,   3.39,   4.63,0.0390
198707,   5.68,   6.96,   7.20,   3.32,   1.03,   6.01,   5.90,   5.75,  -1.68,   3.59,0.0395
198708,   3.73,   5.68,   2.70,   1.74,   7.40,   5.10,   3.32,   2.20,   3.71,   4.35,0.0325
198709,  -2.75,  -3.98,   0.35,  -3.81,  -2.71,   2.99,  -6.34,  -2.55,  -2.31,  -1.80,-0.0252
198710, -21.03, -26.93, -27.33, -18.41, -25.93, -12.35, -28.23, -20.46,  -6.94, -23.58,-0.2309
198711,  -8.02,  -8.52,  -5.16, -10.53,  -9.80,  -8.92,  -8.48,  -9.31,  -2.53,  -6.62,-0.0764
198712,   7.52,   8.61,  10.84,   6.70,  11.86,   4.27,   8.55,   5.34,   0.57,   5.40,0.0665
198801,   3.02,   4.48,   0.39,   8.61,  -2.44,   9.76,   5.63,   6.37,   9.76,   6.42,0.0424
198802,   6.01,   6.27,   7.52,   3.53,   7.47,   1.32,  10.52,   4.20,  -1.43,   4.32,0.0470
198803,  -1.52,  -4.17,  -1.17,   2.49,  -4.65,  -3.82,  -0.99,  -2.55,  -3.17,  -1.34,-0.0215
198804,  -0.07,   2.90,   1.63,   4.54,   2.59,   0.67,   1.74,  -1.99,  -0.29,  -0.39,0.0064
198805,  -0.30,   1.23,  -0.31,  -0.49,  -1.31,   2.17,  -1.36,  -0.26,   3.59,   0.95,-0.0042
198806,   3.41,   8.26,   7.43,  -2.01,   9.40,   3.01,   6.68,   2.68,   3.23,   6.02,0.0465
198807,   1.62,  -0.82,  -2.35,   3.50,  -5.10,   0.02,  -0.80,   0.49,  -0.26,  -0.52,-0.0123
198808,  -0.22,  -6.68,  -4.42,  -1.50,  -8.19,  -3.05,  -2.56,  -1.08,  -0.13,  -0.91,-0.0338
198809,   6.49,   3.90,   3.43,  -2.41,   2.84,   7.36,   8.06,   3.86,   2.71,   4.14,0.0311
198810,   8.16,   3.33,   0.69,   1.82,   0.00,   2.80,   1.70,   1.22,   2.53,   0.01,0.0116
198811,  -1.14,  -0.94,  -2.15,  -0.31,  -3.15,   0.34,  -2.83,  -2.16,  -0.46,  -2.13,-0.0221
198812,   3.51,   0.26,   3.12,   1.83,   4.89,   1.62,   1.48,   1.83,   1.02,   0.91,0.0145
198901,   5.64,   7.60,   7.52,   6.32,   7.09,   8.96,   6.36,   6.80,   2.76,   6.88,0.0604
198902,  -1.40,  -2.99,  -2.09,  -1.31,  -3.76,  -1.22,  -1.80,  -1.15,  -1.82,  -0.37,-0.0225
198903,   5.43,  -1.41,   1.20,   3.82,  -5.49,   5.56,   2.88,   4.96,   0.57,   3.41,0.0148
198904,   5.73,   0.47,   5.33,   2.61,   5.19,   9.63,   5.53,   5.41,   3.90,   4.64,0.0418
198905,   5.37,   2.30,   3.64,   2.82,   2.46,   5.79,   5.27,   3.43,   5.34,   4.19,0.0317
198906,   1.48,   1.28,  -2.68,  -0.96,  -3.26,  -0.03,  -2.06,  -2.74,   3.40,   0.93,-0.0121
198907,  11.98,   5.12,   7.63,   3.76,   2.95,   8.57,   9.14,  13.89,   5.80,   8.14,0.0707
198908,  -1.99,   5.43,   4.43,   3.36,   2.53,   1.02,   2.70,   0.37,  -0.80,   3.41,0.0149
198909,  -0.54,  -4.60,  -2.53,   1.41,  -2.71,   3.81,  -2.23,   2.38,   0.48,   1.42,-0.0083
198910,  -2.49,  -5.70,  -4.36,   0.46,  -4.42,  -2.04,  -4.11,   0.39,   1.01,  -4.85,-0.0362
198911,   1.68,  -1.18,   3.06,   3.93,  -1.80,   1.99,   1.36,   4.53,   3.23,  -0.02,0.0110
198912,   1.36,  -1.45,   2.99,   5.86,  -1.09,   5.73,   1.24,   1.05,   4.79,  -1.50,0.0122
199001,  -9.43,  -3.84,  -6.29,  -4.14,  -1.28, -13.40,  -6.24,  -7.37,  -5.35,  -8.83,-0.0758
199002,  -0.39,   5.13,   2.55,   3.03,   4.11,  -0.34,   1.92,  -2.06,   0.22,   2.54,0.0093
199003,   4.54,   2.90,   3.91,  -0.48,   4.46,   4.18,   5.30,   3.86,  -0.75,  -0.31,0.0178
199004,  -0.27,  -4.04,  -2.74,  -3.59,  -2.00,  -3.46,  -1.91,   0.29,  -5.51,  -3.47,-0.0351
199005,   9.04,   7.76,   8.08,   5.95,  12.54,   9.39,  11.70,  12.76,   5.42,   9.05,0.0821
199006,   2.03,  -2.25,  -0.60,  -2.08,  -1.17,  -4.71,   1.62,   4.44,   0.75,  -1.56,-0.0106
199007,  -0.81,  -3.48,   0.22,   8.23,  -7.43,  -4.59,  -4.01,   2.59,   0.88,  -3.46,-0.0162
199008,  -7.36, -14.27, -12.06,  -1.20, -12.04, -10.72, -12.17,  -6.82,  -6.63, -11.41,-0.0983
199009,  -4.11, -10.58,  -8.04,  -1.59,  -6.66,   1.29,  -8.42,  -4.35,   0.48,  -9.98,-0.0599
199010,   2.45,  -3.22,  -1.81,  -4.20,  -3.50,   2.80,  -3.07,   1.43,   7.23,  -6.36,-0.0192
199011,   6.55,   4.11,   7.40,   1.63,  11.19,   3.10,  10.37,   9.45,   2.30,  10.64,0.0603
199012,   4.41,  -0.44,   4.88,  -2.17,   4.18,   1.75,   3.39,   2.75,   0.80,   5.45,0.0235
199101,   5.15,   7.29,   6.44,  -2.01,  14.96,   0.18,   9.41,   4.53,  -1.37,   7.48,0.0438
199102,  10.29,  10.24,   5.97,   8.39,   6.41,   3.41,   8.04,   9.85,   4.83,   9.70,0.0709
199103,   4.78,   1.16,   1.36,   1.28,   0.75,   2.34,   8.61,   5.43,   1.71,   3.06,0.0244
199104,  -0.96,  -2.35,   0.39,   2.53,  -2.89,   1.12,   1.96,  -1.12,  -0.03,   1.30,-0.0019
199105,   3.59,  14.72,   7.38,  -1.39,   3.61,  -1.45,   7.53,   4.61,   0.16,   4.99,0.0359
199106,  -4.95,  -4.46,  -4.20,  -3.70,  -8.82,  -1.90,  -4.18,  -4.16,  -2.37,  -5.21,-0.0484
199107,   5.67,  -0.41,   3.16,   5.02,   4.63,   3.20,   5.40,   8.44,   3.99,   4.69,0.0419
199108,   5.40,  -2.14,   1.95,   1.75,   2.81,   0.84,   3.67,   2.86,   3.53,   3.10,0.0223
199109,  -3.25,  -2.68,  -2.29,  -0.70,  -1.30,   0.54,  -3.25,  -0.40,   3.73,  -0.56,-0.0157
199110,  -0.60,  -1.99,   1.52,   2.03,   1.99,   2.11,  -1.96,   6.64,   1.23,   2.33,0.0135
199111,  -0.52,  -7.97,  -5.45,  -7.67,  -4.37,  -4.92,  -1.21,  -2.55,   1.89,  -5.37,-0.0412
199112,  14.63,   7.64,  11.51,   1.94,   9.13,   9.83,  13.00,  16.47,   5.01,  12.60,0.1032
199201,  -3.05,  10.49,   2.21,  -4.15,   6.63,  -2.62,   0.33,  -5.55,  -4.58,   2.11,-0.0051
199202,   1.10,  12.28,   2.04,  -0.52,   3.86,  -1.21,   2.60,  -2.59,  -1.23,   3.15,0.0105
199203,  -1.56,   0.79,  -1.25,  -2.78,  -5.17,  -0.98,  -1.33,  -5.46,  -0.53,  -2.15,-0.0271
199204,   0.74,   7.90,   2.99,   9.47,  -1.02,   6.85,  -3.48,  -2.15,   2.68,   0.52,0.0106
199205,   1.38,  -1.92,  -0.56,   3.20,   0.03,  -1.70,   0.18,   1.08,   2.54,   1.53,0.0037
199206,  -2.88,   2.16,  -3.30,  -3.48,  -4.09,   1.24,  -1.90,  -4.68,   0.54,  -0.01,-0.0224
199207,   4.67,   0.43,   3.01,   5.35,   2.98,   5.37,   3.84,   5.72,   6.69,   3.20,0.0368
199208,   0.85,  -9.46,  -3.54,   2.57,  -4.55,  -1.05,  -0.55,  -3.31,  -0.49,  -3.41,-0.0234
199209,   1.10,   0.29,   1.81,   0.14,   3.36,   1.81,   4.04,  -4.90,   0.82,   3.46,0.0098
199210,  -0.85,   0.06,   0.82,  -3.46,   2.12,  -0.53,   4.32,   3.32,  -0.42,   2.96,0.0086
199211,   3.65,   8.64,   3.96,  -2.64,   6.35,   4.29,   7.19,   4.87,  -0.24,   6.02,0.0379
199212,   0.08,   3.37,   1.48,   1.92,   0.00,   5.57,   0.61,  -1.40,   2.70,   3.83,0.0148
199301,  -0.78,   9.48,  -0.04,   2.75,   4.84,   1.16,   0.03,  -6.77,   2.45,   3.28,0.0101
199302,  -2.05,  -0.28,   1.65,   6.01,  -0.35,   5.72,  -1.52,  -8.94,   6.21,   0.42,0.0033
199303,   0.01,   5.45,   2.25,   4.10,   2.21,   3.26,   2.77,   0.81,   1.77,   3.90,0.0225
199304,  -9.24,   2.31,  -0.09,   1.18,  -3.68,  -2.87,  -8.14,   1.31,  -0.15,  -3.22,-0.0279
199305,   2.67,   1.08,   2.38,   1.74,   8.78,   4.23,   5.87,   3.61,  -0.06,   1.71,0.0272
199306,  -0.75,   3.31,  -0.22,  -1.12,  -0.43,   4.64,  -2.89,  -2.93,   3.18,   2.21,0.0026
199307,  -2.36,   1.68,  -0.02,   0.48,  -3.89,   2.15,   0.65,  -5.99,   1.95,   2.06,-0.0032
199308,   4.28,   0.50,   3.43,   4.22,   6.41,   5.47,   3.97,   3.06,   3.67,   3.46,0.0368
199309,  -1.79,   0.82,  -1.96,   1.44,   1.33,  -0.48,  -0.32,   0.92,  -0.63,   1.69,-0.0020
199310,   6.09,   7.51,   3.17,  -1.87,   1.60,   2.59,   4.61,   6.00,  -1.96,  -2.28,0.0159
199311,   0.67,   0.84,   1.18,  -5.89,   0.01,  -6.04,   0.67,   1.11,  -5.51,  -2.80,-0.0198
199312,   1.46,   4.51,   3.73,   0.53,   2.98,  -0.44,  -2.09,   2.49,   1.61,   2.61,0.0171
199401,  -0.44,   6.96,   4.82,   4.86,   4.72,   2.01,   0.63,   1.92,  -1.22,   4.42,0.0288
199402,  -1.28,  -4.36,  -0.61,  -2.97,   1.66,  -5.53,   1.98,  -5.55,  -4.95,  -3.90,-0.0262
199403,  -4.05,  -6.42,  -4.39,  -3.63,  -3.89,  -3.74,  -4.61,  -6.72,  -3.93,  -4.30,-0.0484
199404,   1.22,  -0.45,   0.09,   4.13,  -1.60,   1.42,   0.25,   2.40,   2.11,   1.26,0.0071
199405,  -1.33,  -2.77,   2.09,   0.89,   2.09,   1.66,  -1.91,   4.37,  -5.35,   3.00,0.0063
199406,  -1.83,  -3.43,  -2.56,  -2.68,  -5.23,   0.71,  -2.62,  -3.69,  -3.13,  -2.64,-0.0305
199407,   2.95,   3.70,   4.55,   3.30,   3.87,   3.20,   0.81,   1.04,   5.16,   2.65,0.0276
199408,   6.05,  -0.23,   4.76,  -0.06,   9.27,   1.16,   4.58,  10.71,   0.66,   3.47,0.0391
199409,  -0.32,  -5.06,  -1.65,  -2.08,  -0.49,  -1.10,  -2.34,   1.73,  -2.78,  -4.23,-0.0224
199410,   2.16,  -1.46,   0.59,   7.37,   7.23,  -0.09,   1.22,   0.88,   1.56,   0.15,0.0111
199411,  -1.66,  -5.07,  -5.45,  -4.84,  -2.14,  -5.45,  -3.39,   0.43,   0.26,  -5.18,-0.0408
199412,   1.32,   3.83,   4.08,  -0.99,   2.50,   0.90,  -2.86,   0.52,   0.35,   1.47,0.0084
199501,   1.84,  -5.84,  -0.39,   0.37,  -0.82,   4.20,   1.53,   6.15,   6.23,   4.72,0.0164
199502,   3.00,   5.07,   5.51,   4.48,   6.75,   1.51,   2.69,   2.24,   0.82,   4.86,0.0356
199503,   2.73,   1.44,   3.50,   5.27,   4.52,   0.28,   3.50,   2.69,  -1.75,   1.98,0.0224
199504,   1.84,   1.41,   2.98,   2.34,   8.29,   1.59,  -1.67,   3.07,   2.38,   1.61,0.0205
199505,   4.72,   4.84,   3.18,   4.08,   3.08,   0.63,   2.70,   1.63,   6.01,   4.47,0.0287
199506,   1.69,   0.83,   2.09,  -3.09,   9.79,   3.86,   4.92,   4.46,  -0.46,   2.15,0.0261
199507,   1.25,   2.65,   3.52,   2.30,   7.91,   5.14,   3.54,   5.31,  -0.38,   4.87,0.0362
199508,   0.68,   0.72,  -0.18,  -1.61,  -0.08,   4.33,  -2.78,   1.04,   0.98,   3.72,0.0046
199509,   6.69,  -0.52,   2.25,   1.31,   1.28,   5.63,   2.75,   7.46,   6.24,   4.56,0.0321
199510,   0.36,  -4.78,  -2.69,  -0.24,   1.45,  -0.12,  -5.50,   1.15,   1.48,  -2.05,-0.0158
199511,   4.52,   5.45,   6.49,   4.76,  -0.68,   2.80,   6.16,   4.95,   1.56,   6.17,0.0388
199512,   1.70,   3.15,   1.54,   5.79,  -4.20,   3.94,  -0.81,   5.93,   5.06,   1.12,0.0105
199601,   2.67,   3.49,   3.36,  -0.36,   1.95,   2.33,  -0.37,   5.95,   1.91,   3.52,0.0238
199602,   3.12,   2.02,   0.90,   1.05,   6.33,  -2.20,   4.33,  -1.07,  -2.58,   2.23,0.0122
199603,  -0.94,   4.28,   3.48,   4.98,  -3.42,  -1.87,   5.96,   0.24,  -0.47,   1.69,0.0073
199604,   0.10,   3.54,   1.64,   3.44,  10.01,   2.70,   4.22,  -0.60,  -2.59,   0.19,0.0205
199605,   6.56,   2.24,   2.36,   0.48,   3.85,   0.06,   4.39,   3.93,   1.35,   1.58,0.0225
199606,   3.24,  -4.93,  -0.46,   0.92,  -4.92,   0.43,  -1.62,  -0.19,   5.21,  -0.25,-0.0117
199607,  -4.10,  -4.18,  -4.00,  -4.67,  -7.52,  -8.54,  -7.53,  -6.06,  -5.82,  -4.32,-0.0579
199608,  -0.75,   3.16,   3.24,   2.97,   4.42,  -0.92,   5.83,   4.19,   2.89,   3.91,0.0281
199609,   3.68,   2.39,   6.14,   4.00,  10.58,   1.52,   3.52,   7.34,   0.67,   5.07,0.0486
199610,   1.78,   0.13,   1.61,   5.84,  -1.25,  -0.73,  -2.23,  -0.68,   3.61,   3.96,0.0097
199611,   5.13,   6.01,   6.09,   5.53,  12.02,   5.65,   3.12,   6.66,   2.61,   7.53,0.0616
199612,   0.51,  -3.19,  -0.42,   0.80,  -2.53,   2.63,  -3.46,  -2.66,   0.14,  -1.80,-0.0160
199701,   5.58,   3.16,   4.25,   4.32,   9.38,   2.34,   0.17,   9.55,   0.90,   6.04,0.0485
199702,   4.09,   0.35,   0.81,  -5.69,  -7.44,   2.28,   3.08,   0.94,  -0.57,   2.60,-0.0048
199703,  -5.12,  -3.94,  -3.73,   5.21,  -5.55,  -7.60,  -1.29,  -7.40,  -2.76,  -5.89,-0.0487
199704,   5.19,   2.31,   5.34,   0.05,   8.15,   2.54,   2.21,   6.16,  -1.39,   5.23,0.0382
199705,   5.89,   6.67,   7.81,   7.33,  10.14,   6.64,   6.04,   6.91,   3.77,   6.25,0.0664
199706,   3.53,   3.90,   5.21,   1.31,   1.34,   3.78,   5.02,   8.89,   3.06,   5.37,0.0405
199707,   3.35,   7.46,   7.15,   7.40,  15.96,   2.75,   7.78,   2.06,   2.81,   9.23,0.0720
199708,  -6.25,   1.37,  -5.55,   0.24,  -1.30,  -2.28,  -2.57,  -6.14,  -1.16,  -4.79,-0.0406
199709,   5.56,   5.34,   3.31,   6.30,   3.47,   9.68,   5.19,   6.61,   4.65,   7.91,0.0536
199710,  -3.14,  -3.30,  -5.88,  -2.01,  -8.42,   3.33,  -2.20,   0.26,   0.94,  -2.63,-0.0383
199711,   6.45,  -1.63,   4.22,  -3.55,   1.46,  10.26,   5.35,   2.86,   7.14,   3.02,0.0272
199712,   3.78,   4.10,  -0.25,  -1.51,  -4.18,   4.56,  -0.24,   3.55,   7.97,   5.34,0.0132
199801,  -2.89,   0.55,   0.72,  -5.73,   5.25,   4.84,   0.91,   5.73,  -4.37,  -2.12,0.0001
199802,   5.14,  12.28,   7.12,   6.83,  10.42,   2.62,  10.38,   5.45,   2.65,   8.19,0.0689
199803,   5.72,   6.24,   4.88,   4.80,   1.33,   9.81,   6.55,   3.61,   6.77,   5.79,0.0475
199804,  -3.10,   0.99,   1.25,   3.80,   5.08,  -3.03,  -0.38,   1.92,  -2.51,   1.82,0.0066
199805,   1.08,   7.20,  -2.47,  -4.20,  -6.95,  -1.65,   2.14,  -2.47,  -0.88,  -3.01,-0.0295
199806,   3.80,   1.80,  -0.57,  -1.36,   8.73,   3.21,   4.81,   6.18,   2.84,   3.13,0.0286
199807,  -4.07,  -1.32,  -5.77,  -6.79,   0.47,   3.83,  -3.10,  -0.22,  -5.34,  -1.71,-0.0272
199808, -12.99, -19.17, -14.29, -10.41, -17.60, -11.74, -14.24, -12.26,   2.25, -21.36,-0.1611
199809,   1.30,   1.55,   0.57,  13.01,  15.20,  10.02,   1.48,  12.01,   7.98,   2.68,0.0595
199810,  10.80,  11.71,  11.19,   1.28,   6.35,   6.82,  10.56,   3.85,  -1.76,   8.98,0.0711
199811,   6.33,   4.84,   3.59,   0.45,  11.62,   3.67,   9.55,   6.18,   1.35,   6.20,0.0586
199812,   0.51,   4.26,   2.33,  -1.16,  15.25,  14.32,   8.97,   5.02,   2.83,   3.60,0.0594
199901,  -3.41,   5.43,   0.56,  -5.51,  15.09,   8.79,   2.36,   0.24,  -6.26,   1.11,0.0347
199902,  -3.78,  -4.31,  -1.95,  -3.17, -11.46,  -2.92,  -1.50,   0.23,  -3.78,  -0.01,-0.0415
199903,  -1.96,  -0.84,   4.75,  15.42,   8.51,  -0.66,   2.79,   2.55,  -1.69,   2.41,0.0332
199904,   3.76,  10.33,   9.27,  15.91,   2.36,   8.33,   0.51,  -5.54,   7.18,   6.77,0.0447
199905,   1.41,  -5.54,  -3.17,  -3.13,  -0.67,   1.03,  -2.88,  -2.05,   6.72,  -3.52,-0.0239
199906,   0.33,   0.59,   4.56,  -1.48,  11.72,   5.85,   7.92,   4.49,  -4.29,   3.24,0.0472
199907,  -2.48,  -5.97,  -1.10,   1.65,  -1.80,  -1.61,  -5.02,  -4.44,  -0.61,  -6.06,-0.0345
199908,  -4.63,   1.12,  -0.36,   1.86,   5.45,  -7.57,  -5.98,   3.73,   0.62,  -5.12,-0.0135
199909,  -6.78,  -7.76,  -2.82,  -3.88,  -0.21,   4.45,   1.45,  -7.09,  -4.31,  -4.39,-0.0268
199910,   6.46,   4.44,   4.37,  -1.58,   3.25,   9.53,   3.34,  10.78,   2.17,  11.42,0.0580
199911,  -1.23,  -1.93,  -1.04,   3.78,  12.87,   4.29,   4.18,   1.50,  -7.45,  -2.25,0.0320
199912,  -2.50,   2.88,   9.79,   0.68,  20.76,   4.18,   6.46,  -5.64,  -2.34,   1.43,0.0783
200001,  -4.77,  -0.87,  -7.99,   0.90,  -4.71,  -4.04, -11.22,   7.56,   5.75,  -4.64,-0.0443
200002,  -6.19,  -7.95,  -4.24,  -5.44,  18.18,  -3.59,  -3.86,  -2.88,  -7.26,  -6.98,0.0255
200003,   7.74,  10.51,   8.36,  12.26,   3.95,   7.57,  13.28,   0.28,   5.77,  14.12,0.0513
200004,  -1.82,   9.27,   0.96,  -1.98, -10.69,  -7.90,  -4.27,   5.25,   7.60,  -3.41,-0.0624
200005,   7.22, -13.22,  -1.41,   9.44, -10.84, -10.41,  -2.70,   3.94,   3.90,   3.46,-0.0427
200006,   2.39,  -9.48,  -1.14,  -5.17,  13.03,   4.18,  -2.32,  11.52,  -4.76,  -2.81,0.0467
200007,   0.79,   4.61,  -0.63,  -2.61,  -5.18,  -7.41,  -1.37,  -6.16,   4.43,   5.55,-0.0223
200008,  -1.81,   4.57,   6.96,   8.91,  12.56,  -0.96,  -2.45,   3.58,  11.72,   9.08,0.0709
200009,   3.46,  -4.10,  -6.06,   4.37, -14.99,  -4.07,   2.70,   3.72,   9.63,   0.36,-0.0564
200010,   7.63,   1.88,   4.59,  -3.05,  -7.28,  -0.42,  -1.51,   2.60,  -2.24,  -1.07,-0.0298
200011,   2.78, -11.21,  -3.63,  -2.95, -23.36, -15.51,  -1.37,   0.79,   3.10,  -5.95,-0.1064
200012,   5.46,   1.07,   7.14,   7.75,  -7.95,  -4.38,   5.62,   3.53,   6.58,   7.18,0.0144
200101,  -1.92,  13.20,  -0.12,  -3.39,  16.53,  14.39,   6.63,  -8.94, -10.77,   0.05,0.0330
200102,   0.18,  -1.25,  -4.29,   0.12, -25.96,  -9.89,  -5.35,  -0.50,   6.24,  -4.38,-0.1017
200103,  -4.65,  -3.06,  -7.31,  -0.31, -13.59,  -5.69,  -2.87,  -8.44,   1.64,  -4.11,-0.0734
200104,   0.93,   8.44,   8.48,  10.32,  17.99,   2.51,   5.60,   3.99,   5.46,   5.78,0.0794
200105,   3.35,  -2.32,   2.89,   0.09,  -3.33,  -1.28,   1.60,   3.03,   0.01,   3.75,0.0076
200106,  -1.61,   3.48,  -4.52,  -7.71,   1.48,  -3.00,  -2.49,  -2.85,  -6.22,   0.03,-0.0201
200107,  -0.19,   3.28,   0.50,  -2.55,  -7.58,  -0.67,   4.59,   2.30,  -3.66,  -2.27,-0.0208
200108,   2.51, -11.36,  -1.91,  -3.59, -12.65,  -9.24,  -6.98,  -3.11,   0.42,  -5.33,-0.0622
200109,  -2.57, -16.90, -12.76,  -5.65, -18.94,  -2.45,  -9.60,  -0.59,  -6.39,  -8.30,-0.0935
200110,   1.08,   0.90,   3.87,   4.78,  15.68,  -9.39,   1.64,   1.18,   1.41,  -0.58,0.0250
200111,   2.08,  15.50,   8.35,  -4.11,  15.92,   6.09,  10.14,   5.04,  -1.63,   7.92,0.0765
200112,   2.02,  -0.91,   2.67,   6.16,  -0.59,   2.74,   4.51,  -2.88,   3.85,   3.30,0.0161
200201,   1.92,   2.94,   1.65,  -2.99,  -0.56,  -7.14,   2.76,  -2.36,  -4.07,  -2.92,-0.0177
200202,   4.36,   3.05,   4.30,   5.19, -13.20,  -2.39,  -0.09,  -0.51,  -0.25,  -0.52,-0.0228
200203,   3.74,   6.92,   4.96,   7.81,   6.43,   0.31,   2.03,   0.46,  10.04,   5.43,0.0425
200204,   2.66,   1.74,  -1.48,  -4.40, -11.76, -12.71,  -1.38,  -7.59,  -0.56,  -3.74,-0.0506
200205,   1.44,  -0.21,  -0.31,  -0.59,  -3.78,   3.01,  -1.26,  -2.23,  -6.47,  -0.39,-0.0122
200206,  -5.79,  -8.11,  -3.11,  -0.44, -12.21, -14.40,  -5.08,  -9.60,  -5.36,  -5.38,-0.0716
200207,  -6.72, -12.26,  -8.51, -11.95,  -9.63, -11.67, -11.31,  -2.55, -12.30,  -6.41,-0.0826
200208,   2.49,   0.38,  -1.27,   0.54,  -0.87,   0.33,   1.90,   0.66,   3.38,   1.14,0.0063
200209,  -7.68, -11.08,  -8.26,  -8.13, -16.74,  -9.30,  -9.40,  -5.86, -10.86, -10.70,-0.1012
200210,   5.22,  -3.30,   3.89,   3.28,  19.41,  21.36,   5.70,   5.69,  -0.68,   6.38,0.0731
200211,  -1.27,  12.07,   6.23,   3.17,  16.14,  11.76,   1.93,   3.70,   1.62,   4.61,0.0601
200212,   0.00,  -7.26,  -3.76,   0.76, -13.03,  -9.07,  -6.94,  -4.05,   3.85,  -4.98,-0.0545
200301,  -4.78,  -3.23,  -4.07,  -2.41,  -1.47,  -3.53,  -4.77,  -0.60,  -3.17,  -2.32,-0.0241
200302,  -3.11,  -5.05,  -2.16,   1.98,   1.27,  -6.44,  -1.21,  -1.94,  -3.92,  -2.62,-0.0161
200303,  -2.67,  -2.76,   1.31,   1.18,  -0.97,  -0.60,   4.61,   3.79,   4.35,   0.75,0.0093
200304,   4.70,  15.18,   6.39,  -0.57,   9.27,  11.15,   8.90,   4.32,   7.44,  11.78,0.0815
200305,   9.22,   2.85,   4.63,   8.91,   9.77,   6.16,   3.41,   3.91,  10.11,   5.30,0.0622
200306,   1.57,   2.68,   0.54,  -1.21,   0.25,   1.97,   3.47,   4.11,   0.66,   0.94,0.0154
200307,  -2.33,   6.60,   4.95,  -2.70,   5.67,  -1.65,   3.32,   0.62,  -5.25,   3.53,0.0223
200308,   0.66,   7.86,   4.19,   6.26,   6.05,   1.34,   6.76,  -2.53,   1.91,   0.61,0.0247
200309,   1.11,  -4.07,  -3.75,  -2.31,  -0.89,  -5.65,  -4.53,   0.24,   3.90,   0.35,-0.0101
200310,   5.59,   6.97,   8.86,   1.54,   8.23,   6.66,   9.03,   0.72,   1.58,   6.42,0.0595
200311,   3.78,   3.09,   2.08,   0.61,   1.89,  -0.63,   0.58,   1.63,   0.94,   1.11,0.0158
200312,   3.31,  12.30,   6.75,  13.58,   2.10,   7.39,  -2.13,   5.68,   5.81,   4.48,0.0447
200401,   0.12,  -1.12,  -0.62,   0.45,   4.50,   1.42,   0.45,   3.04,   1.92,   2.72,0.0224
200402,   4.28,  -0.11,   1.99,   4.69,  -2.93,  -0.79,   6.08,   0.91,   2.06,   2.02,0.0149
200403,  -0.30,  -1.15,  -0.22,  -0.16,  -2.54,  -2.44,   0.30,  -3.91,   1.17,  -0.61,-0.0116
200404,   1.51,   2.38,  -0.19,   2.48,  -4.90,  -0.51,  -2.68,   3.57,  -3.51,  -3.84,-0.0250
200405,  -2.19,  -1.61,   1.59,   0.42,   4.83,  -2.95,   0.27,  -0.38,   1.28,   2.08,0.0135
200406,   1.87,   5.08,   5.35,   5.49,   2.63,   0.56,   0.07,  -0.38,   2.01,   1.51,0.0208
200407,  -5.83,  -4.69,  -4.04,   3.28,  -8.49,  -1.27,  -3.98,  -5.87,   1.05,  -2.40,-0.0387
200408,   0.83,  -2.30,   1.28,  -1.24,  -4.43,   1.28,  -1.15,   1.66,   3.67,   1.93,0.0016
200409,  -1.76,   2.45,   1.91,   8.88,   3.29,   1.34,   2.58,  -1.41,   1.42,   1.24,0.0195
200410,   2.87,  -2.65,  -1.37,   0.66,   5.03,   3.36,   3.08,  -2.41,   4.23,   1.22,0.0167
200411,   4.52,   7.18,   7.17,   6.56,   5.84,   3.42,   3.61,   0.66,   4.92,   4.96,0.0468
